{
    "gameOn": 1,
    "timestamp": 554765,
    "maxRPM": 8999.9951171875,
    "idleRPM": 799.99951171875,
    "currentRPM": 800.0054321289062,
    "accelX": -0.0034385176841169596,
    "accelY": 0.0009223523084074259,
    "accelZ": -0.0013544135726988316,
    "velX": 0.00008127109322231263,
    "velY": 0.000014386630937224254,
    "velZ": 0.0000524844836036209,
    "angX": 0.00016966165276244283,
    "angY": -0.000003653654857771471,
    "angZ": -0.0002688943059183657,
    "yaw": 0.18055962026119232,
    "pitch": -0.04667980968952179,
    "roll": 0.0011657816357910633,
    "carID": 1253,
    "carClass": 6,
    "carPreform": 999,
    "dtType": 2,
    "numCyl": 8,
    "posX": -174.58004760742188,
    "posY": 210.2562713623047,
    "posZ": -32.006919860839844,
    "speed": 0.00009780893742572516,
    "power": -0.026432931423187256,
    "torque": -0.00031551774009130895,
    "flTemp": 91.51245880126953,
    "frTemp": 91.51148986816406,
    "blTemp": 91.50494384765625,
    "brTemp": 91.50494384765625,
    "boost": -11.025002479553223,
    "fuel": 1,
    "travel": 0,
    "bestLap": 0,
    "lastLap": 0,
    "currentLap": 0,
    "currentRaceTime": 325.39599609375,
    "lapNumber": 0,
    "racePos": 0,
    "accel": 0,
    "brake": 0,
    "clutch": 0,
    "handBrake": 0,
    "gear": 1,
    "steer": 0,
    "drivingLine": 0,
    "brakeDifference": 0
}