{
    "gameOn": 1,
    "timestamp": 50088890,
    "maxRPM": 9999.9951171875,
    "idleRPM": 799.99951171875,
    "currentRPM": 800.0055541992188,
    "accelX": 0.00023411096481140703,
    "accelY": -0.01399273332208395,
    "accelZ": -0.0001327280479017645,
    "velX": 6.62224351799523e-7,
    "velY": -0.000040187384001910686,
    "velZ": -3.96788067291709e-7,
    "angX": -0.00013198489614296705,
    "angY": -0.000003672048478620127,
    "angZ": 0.00010208346793660894,
    "yaw": 0.9939374327659607,
    "pitch": -0.009871787391602993,
    "roll": -0.01647692173719406,
    "carID": 2479,
    "carClass": 6,
    "carPreform": 999,
    "dtType": 2,
    "numCyl": 12,
    "posX": 1253.4100341796875,
    "posY": 181.5551300048828,
    "posZ": 584.5590209960938,
    "speed": 0.00004019479820271954,
    "power": -0.025022253394126892,
    "torque": -0.0002986790786962956,
    "flTemp": 51.710365295410156,
    "frTemp": 47.48743438720703,
    "blTemp": 53.0589599609375,
    "brTemp": 53.0589599609375,
    "boost": -11.02499771118164,
    "fuel": 1,
    "travel": 0,
    "bestLap": 0,
    "lastLap": 0,
    "currentLap": 0,
    "currentRaceTime": 20692.29296875,
    "lapNumber": 0,
    "racePos": 0,
    "accel": 0,
    "brake": 0,
    "clutch": 0,
    "handBrake": 255,
    "gear": 1,
    "steer": 0,
    "drivingLine": 0,
    "brakeDifference": 0
}