{
    "gameOn": 1,
    "timestamp": 30366234,
    "maxRPM": 9499.9951171875,
    "idleRPM": 799.99951171875,
    "currentRPM": 800.006103515625,
    "accelX": 0.00046878313878551126,
    "accelY": -0.00035658219712786376,
    "accelZ": -0.013971633277833462,
    "velX": 0.0011057312367483974,
    "velY": -0.00013216948718763888,
    "velZ": -0.0024308268912136555,
    "angX": 0.00015186655218712986,
    "angY": 0.00025377425481565297,
    "angZ": -0.00007642908167326823,
    "yaw": 1.6048989295959473,
    "pitch": 0.02470231056213379,
    "roll": 0.022828198969364166,
    "carID": 2940,
    "carClass": 6,
    "carPreform": 999,
    "dtType": 2,
    "numCyl": 12,
    "posX": -144.952880859375,
    "posY": 155.7759246826172,
    "posZ": 2778.289306640625,
    "speed": 0.0026737668085843325,
    "power": -0.026863018050789833,
    "torque": -0.0003206512192264199,
    "flTemp": 64.14749145507812,
    "frTemp": 65.833251953125,
    "blTemp": 65.20752716064453,
    "brTemp": 65.20752716064453,
    "boost": -11.02499771118164,
    "fuel": 1,
    "travel": 0,
    "bestLap": 0,
    "lastLap": 0,
    "currentLap": 0,
    "currentRaceTime": 220.2930908203125,
    "lapNumber": 0,
    "racePos": 0,
    "accel": 0,
    "brake": 0,
    "clutch": 0,
    "handBrake": 0,
    "gear": 1,
    "steer": 0
}