{
    "gameOn": 1,
    "timestamp": 22633984,
    "maxRPM": 8999.9951171875,
    "idleRPM": 799.99951171875,
    "currentRPM": 800.00537109375,
    "accelX": -5.340554665167474e-8,
    "accelY": -0.000001138140987677616,
    "accelZ": -5.5328911230390077e-8,
    "velX": 0.000015711493688286282,
    "velY": -0.000020422508896444924,
    "velZ": 0.000017107751773437485,
    "angX": 0.00005815173062728718,
    "angY": -8.131930826493772e-7,
    "angZ": -0.0000523190938110929,
    "yaw": -2.9466350078582764,
    "pitch": -0.04852186515927315,
    "roll": 0.04688909277319908,
    "carID": 1253,
    "carClass": 6,
    "carPreform": 999,
    "dtType": 2,
    "numCyl": 8,
    "posX": -542.7529296875,
    "posY": 237.17276000976562,
    "posZ": -5612.2412109375,
    "speed": 0.000030929029890103266,
    "power": -0.02610659785568714,
    "torque": -0.0003116224834229797,
    "flTemp": 66.20870971679688,
    "frTemp": 65.46286010742188,
    "blTemp": 67.74434661865234,
    "brTemp": 67.74434661865234,
    "boost": -11.02499771118164,
    "fuel": 1,
    "travel": 0,
    "bestLap": 0,
    "lastLap": 0,
    "currentLap": 0,
    "currentRaceTime": 1208.33935546875,
    "lapNumber": 0,
    "racePos": 0,
    "accel": 0,
    "brake": 0,
    "clutch": 0,
    "handBrake": 0,
    "gear": 1,
    "steer": 0,
    "drivingLine": 0,
    "brakeDifference": 0
}